sitemap,type
https://hackaday.com/news-sitemap.xml,sitemap
https://www.darkreading.com/googlenews.xml,sitemap
https://thehackernews.com/news-sitemap.xml,sitemap
https://www.theverge.com/sitemaps/google_news,sitemap
https://www.businessinsider.com/sitemap/google-news.xml,sitemap
https://www.wired.com/feed/google-latest-news/sitemap-google-news,sitemap
https://www.huffpost.com/sitemaps/sitemap-google-news.xml,sitemap
https://scrippsnews.com/sitemaps/news/news-sitemap.xml,sitemap
https://www.techspot.com/sitemap/news_today.xml,sitemap
https://www.prnewswire.com/sitemap-news.xml?page=1,sitemap
https://www.marktechpost.com/news-sitemap.xml,sitemap
